{
  "version": 1,
  "author": "Anonymous maker",
  "editor": "wokwi",
  "parts": [
    { "type": "wokwi-breadboard", "id": "bb1", "top": -147, "left": -448.4, "attrs": {} },
    { "type": "wokwi-arduino-uno", "id": "uno", "top": 144.6, "left": -10.2, "attrs": {} },
    {
      "type": "wokwi-pushbutton",
      "id": "btn1",
      "top": -67.3,
      "left": 22.7,
      "rotate": 90,
      "attrs": { "color": "green" }
    },
    {
      "type": "wokwi-pushbutton",
      "id": "btn2",
      "top": -67.3,
      "left": -63.7,
      "rotate": 90,
      "attrs": { "color": "yellow" }
    },
    {
      "type": "wokwi-pushbutton",
      "id": "btn3",
      "top": -67.3,
      "left": -130.9,
      "rotate": 90,
      "attrs": { "color": "red" }
    },
    {
      "type": "wokwi-resistor",
      "id": "r1",
      "top": -43.2,
      "left": -240.55,
      "rotate": 90,
      "attrs": { "value": "1000" }
    },
    {
      "type": "wokwi-resistor",
      "id": "r2",
      "top": -43.2,
      "left": -326.95,
      "rotate": 90,
      "attrs": { "value": "1000" }
    },
    {
      "type": "wokwi-led",
      "id": "led1",
      "top": -118.8,
      "left": -236.2,
      "attrs": { "color": "red" }
    },
    {
      "type": "wokwi-led",
      "id": "led2",
      "top": -118.8,
      "left": -322.6,
      "attrs": { "color": "red" }
    }
  ],
  "connections": [
    [ "uno:GND.1", "bb1:bn.49", "black", [ "v0" ] ],
    [ "uno:5V", "bb1:bp.50", "red", [ "v0" ] ],
    [ "uno:2", "bb1:52b.i", "green", [ "v0" ] ],
    [ "bb1:50b.i", "bb1:bn.41", "black", [ "v0" ] ],
    [ "bb1:43b.i", "uno:3", "purple", [ "v0" ] ],
    [ "bb1:41b.i", "bb1:bn.33", "black", [ "v0" ] ],
    [ "bb1:36b.i", "uno:4", "blue", [ "v0" ] ],
    [ "bb1:34b.i", "bb1:bn.27", "black", [ "v0" ] ],
    [ "bb1:22t.d", "bb1:bn.17", "black", [ "v0" ] ],
    [ "bb1:23b.i", "uno:5", "violet", [ "v0" ] ],
    [ "bb1:13t.d", "bb1:bn.10", "black", [ "v0" ] ],
    [ "bb1:14b.i", "uno:6", "gray", [ "v0" ] ],
    [ "bb1:tp.50", "bb1:bp.49", "green", [ "v0" ] ],
    [ "bb1:tn.49", "bb1:bn.46", "green", [ "v0" ] ],
    [ "btn1:1.l", "bb1:52t.c", "", [ "$bb" ] ],
    [ "btn1:2.l", "bb1:50t.c", "", [ "$bb" ] ],
    [ "btn1:1.r", "bb1:52b.h", "", [ "$bb" ] ],
    [ "btn1:2.r", "bb1:50b.h", "", [ "$bb" ] ],
    [ "btn2:1.l", "bb1:43t.c", "", [ "$bb" ] ],
    [ "btn2:2.l", "bb1:41t.c", "", [ "$bb" ] ],
    [ "btn2:1.r", "bb1:43b.h", "", [ "$bb" ] ],
    [ "btn2:2.r", "bb1:41b.h", "", [ "$bb" ] ],
    [ "btn3:1.l", "bb1:36t.c", "", [ "$bb" ] ],
    [ "btn3:2.l", "bb1:34t.c", "", [ "$bb" ] ],
    [ "btn3:1.r", "bb1:36b.h", "", [ "$bb" ] ],
    [ "btn3:2.r", "bb1:34b.h", "", [ "$bb" ] ],
    [ "r1:1", "bb1:23t.d", "", [ "$bb" ] ],
    [ "r1:2", "bb1:23b.h", "", [ "$bb" ] ],
    [ "r2:1", "bb1:14t.d", "", [ "$bb" ] ],
    [ "r2:2", "bb1:14b.h", "", [ "$bb" ] ],
    [ "led1:A", "bb1:23t.c", "", [ "$bb" ] ],
    [ "led1:C", "bb1:22t.c", "", [ "$bb" ] ],
    [ "led2:A", "bb1:14t.c", "", [ "$bb" ] ],
    [ "led2:C", "bb1:13t.c", "", [ "$bb" ] ]
  ],
  "dependencies": {}
}